Jonah Hill-34177.png,Jonah Hill-34236.png,0.0
Jonah Hill-34310.png,Jonah Hill-34169.png,0.0
Jonah Hill-34227.png,Jonah Hill-34348.png,0.0
Jonah Hill-34342.png,Jonah Hill-34263.png,0.0
Jonah Hill-34177.png,Jonah Hill-34189.png,0.001192016
Jonah Hill-34236.png,Jonah Hill-34189.png,0.001192016
Jonah Hill-34188.png,Jonah Hill-34336.png,0.0016770904
Jonah Hill-34136.png,Jonah Hill-34203.png,0.0051264865
Jonah Hill-34272.png,Jonah Hill-34261.png,0.00912446
Jonah Hill-34161.png,Jonah Hill-34206.png,0.009382997
Jonah Hill-34328.png,Jonah Hill-34243.png,0.011461849
Jonah Hill-34187.png,Jonah Hill-34259.png,0.011977068
Jonah Hill-34138.png,Jonah Hill-34303.png,0.012123346
Jonah Hill-34161.png,Jonah Hill-34239.png,0.013041292
Jonah Hill-34154.png,Jonah Hill-34224.png,0.013059658
Jonah Hill-34310.png,Jonah Hill-34245.png,0.013204893
Jonah Hill-34169.png,Jonah Hill-34245.png,0.013204893
Jonah Hill-34198.png,Jonah Hill-34243.png,0.017626423
Jonah Hill-34231.png,Jonah Hill-34254.png,0.019094009
Jonah Hill-34149.png,Jonah Hill-34218.png,0.019141516
Jonah Hill-34198.png,Jonah Hill-34328.png,0.020594038
Jonah Hill-34290.png,Jonah Hill-34313.png,0.021711016
Jonah Hill-34282.png,Jonah Hill-34358.png,0.025925675
Jonah Hill-34239.png,Jonah Hill-34206.png,0.027026996
Jonah Hill-34298.png,Jonah Hill-34326.png,0.028486751
Jonah Hill-34128.png,Jonah Hill-34170.png,0.034676988
Jonah Hill-34186.png,Jonah Hill-34132.png,0.034711402
Jonah Hill-34175.png,Jonah Hill-34332.png,0.035821456
Jonah Hill-34272.png,Jonah Hill-34136.png,0.036127657
Jonah Hill-34278.png,Jonah Hill-34287.png,0.038211454
Jonah Hill-34272.png,Jonah Hill-34203.png,0.039697338
Jonah Hill-34175.png,Jonah Hill-34362.png,0.039817147
Jonah Hill-34314.png,Jonah Hill-34220.png,0.039871506
Jonah Hill-34136.png,Jonah Hill-34261.png,0.045117117
Jonah Hill-34257.png,Jonah Hill-34170.png,0.04666018
Jonah Hill-34203.png,Jonah Hill-34261.png,0.05110834
Jonah Hill-34332.png,Jonah Hill-34362.png,0.052010685
Jonah Hill-34257.png,Jonah Hill-34128.png,0.053243704
Jonah Hill-34271.png,Jonah Hill-34246.png,0.05581514
Jonah Hill-34273.png,Jonah Hill-34211.png,0.05695709
Jonah Hill-34253.png,Jonah Hill-34315.png,0.057885494
Jonah Hill-34133.png,Jonah Hill-34242.png,0.059632204
Jonah Hill-34160.png,Jonah Hill-34276.png,0.062994085
Jonah Hill-34275.png,Jonah Hill-34149.png,0.06476004
Jonah Hill-34275.png,Jonah Hill-34218.png,0.06499713
Jonah Hill-34343.png,Jonah Hill-34200.png,0.06506824
Jonah Hill-34132.png,Jonah Hill-34356.png,0.067369014
Jonah Hill-34148.png,Jonah Hill-34350.png,0.06829687
Jonah Hill-34364.png,Jonah Hill-34323.png,0.06913644
Jonah Hill-34163.png,Jonah Hill-34154.png,0.07169828
Jonah Hill-34273.png,Jonah Hill-34272.png,0.07253621
Jonah Hill-34273.png,Jonah Hill-34203.png,0.073303595
Jonah Hill-34163.png,Jonah Hill-34358.png,0.0740536
Jonah Hill-34232.png,Jonah Hill-34349.png,0.0745557
Jonah Hill-34220.png,Jonah Hill-34148.png,0.07546397
Jonah Hill-34314.png,Jonah Hill-34277.png,0.078189954
Jonah Hill-34273.png,Jonah Hill-34136.png,0.078467116
Jonah Hill-34175.png,Jonah Hill-34307.png,0.078643486
Jonah Hill-34163.png,Jonah Hill-34224.png,0.07988797
Jonah Hill-34136.png,Jonah Hill-34211.png,0.079974025
Jonah Hill-34231.png,Jonah Hill-34261.png,0.08023684
Jonah Hill-34314.png,Jonah Hill-34148.png,0.08045367
Jonah Hill-34294.png,Jonah Hill-34237.png,0.081824966
Jonah Hill-34229.png,Jonah Hill-34242.png,0.08342303
Jonah Hill-34242.png,Jonah Hill-34277.png,0.08368817
Jonah Hill-34272.png,Jonah Hill-34211.png,0.08465781
Jonah Hill-34133.png,Jonah Hill-34277.png,0.085354745
Jonah Hill-34203.png,Jonah Hill-34211.png,0.08584046
Jonah Hill-34282.png,Jonah Hill-34154.png,0.086371146
Jonah Hill-34229.png,Jonah Hill-34282.png,0.08734449
Jonah Hill-34194.png,Jonah Hill-34277.png,0.08799442
Jonah Hill-34180.png,Jonah Hill-34350.png,0.08817973
Jonah Hill-34307.png,Jonah Hill-34362.png,0.08832546
Jonah Hill-34273.png,Jonah Hill-34261.png,0.09005053
Jonah Hill-34163.png,Jonah Hill-34282.png,0.09060918
Jonah Hill-34277.png,Jonah Hill-34148.png,0.09105284
Jonah Hill-34194.png,Jonah Hill-34231.png,0.09164321
Jonah Hill-34261.png,Jonah Hill-34211.png,0.09279707
Jonah Hill-34305.png,Jonah Hill-34227.png,0.09330196
Jonah Hill-34305.png,Jonah Hill-34348.png,0.09330196
Jonah Hill-34360.png,Jonah Hill-34173.png,0.093698956
Jonah Hill-34160.png,Jonah Hill-34231.png,0.09484791
Jonah Hill-34197.png,Jonah Hill-34350.png,0.09502375
Jonah Hill-34229.png,Jonah Hill-34154.png,0.095650226
Jonah Hill-34242.png,Jonah Hill-34148.png,0.09627156
Jonah Hill-34282.png,Jonah Hill-34224.png,0.096750356
Jonah Hill-34142.png,Jonah Hill-34307.png,0.09678863
Jonah Hill-34231.png,Jonah Hill-34136.png,0.09692905
Jonah Hill-34358.png,Jonah Hill-34154.png,0.09695039
Jonah Hill-34202.png,Jonah Hill-34151.png,0.096958935
Jonah Hill-34254.png,Jonah Hill-34261.png,0.097679615
Jonah Hill-34231.png,Jonah Hill-34272.png,0.09788401
Jonah Hill-34276.png,Jonah Hill-34261.png,0.09805074
Jonah Hill-34229.png,Jonah Hill-34358.png,0.09829054
Jonah Hill-34358.png,Jonah Hill-34224.png,0.098742075
Jonah Hill-34175.png,Jonah Hill-34254.png,0.10327753
Jonah Hill-34133.png,Jonah Hill-34194.png,0.10394262
Jonah Hill-34276.png,Jonah Hill-34290.png,0.104693994
Jonah Hill-34231.png,Jonah Hill-34203.png,0.105317906
Jonah Hill-34229.png,Jonah Hill-34277.png,0.10538278
Jonah Hill-34229.png,Jonah Hill-34224.png,0.105852015
Jonah Hill-34322.png,Jonah Hill-34194.png,0.1058932
Jonah Hill-34322.png,Jonah Hill-34341.png,0.10597833
Jonah Hill-34242.png,Jonah Hill-34194.png,0.10597915
Jonah Hill-34220.png,Jonah Hill-34324.png,0.10603086
Jonah Hill-34210.png,Jonah Hill-34350.png,0.10603515
Jonah Hill-34175.png,Jonah Hill-34368.png,0.106180154
Jonah Hill-34194.png,Jonah Hill-34290.png,0.106949046
Jonah Hill-34210.png,Jonah Hill-34237.png,0.10770021
Jonah Hill-34160.png,Jonah Hill-34261.png,0.1078556
Jonah Hill-34210.png,Jonah Hill-34148.png,0.108288854
Jonah Hill-34220.png,Jonah Hill-34154.png,0.10834632
