as;as;a;a
Aaron Eckhart;as;1;http://upload.wikimedia.org/wikipedia/commons/5/5d/AaronEckhart10TIFF.jpg
Aaron Eckhart;2;2;http://movies.dosthana.com/sites/default/files/image-gallery/Aaron-Eckhart-Image.jpg
Adam Brody;428;283;http://cdn02.cdn.justjared.com/wp-content/uploads/2007/04/brody-premiere/adam-brody-in-the-land-of-women-premiere-08.jpg
Adam Brody;429;284;http://www.hdwpapers.com/download/adam_brody_wallpaper_12-1024x768.jpg
Adam McKay;767;459;http://www1.pictures.zimbio.com/gi/Adam%252BMcKay%252B15th%252BAnnual%252BWebby%252BAwards%252BRed%252BCarpet%252BphPPSmuJpdPl.jpg
Adam McKay;771;460;http://wpc.556e.edgecastcdn.net/80556E/img.news/NEDPnBN9fbZtHE_1_1.jpg
Adam McKay;798;475;http://image.tmdb.org/t/p/original/pwc6pHC5d3y8NVsphURkKK8y2fL.jpg
Adam McKay;801;476;http://i2.blogs.indiewire.com/images/blogs/theplaylist/archives/will-ferrell-adam-mckay-sweartogod.jpg
Adam McKay;803;477;http://s3.amazonaws.com/auteurs_production/images/cast_member/23557/original.jpg
Adam Sandler;1082;556;http://images1.wikia.nocookie.net/__cb20120722202218/disney/images/6/66/Adam_Sandler.jpg
Adam Sandler;1083;557;http://1.bp.blogspot.com/-hBTalmYHJ50/Ts_9aqaLzEI/AAAAAAAAMnQ/4aSSEWgtkVk/s1600/adam-sandler-2.jpg
